Жванский;Виталий;Евгеньевич;М;18.10.2005;641-015-898 05
Помазуев;Семён;Алексеевич;М;12.09.1965;964-314-432 69
Жмурков;Альберт;Кириллович;М;13.12.1978;031-610-995 69
Тартанкин;Анатолий;Алексеевич;М;28.01.1944;967-042-183 00
Кебабчиев;Руслан;Фёдорович;М;17.05.1951;361-761-389 100
Агнистиков;Леонид;Данилович;М;22.01.1985;634-023-534 75
Курмачев;Геннадий;Денисович;М;09.01.1977;524-605-133 57
Рюмочкин;Семён;Фёдорович;М;05.12.1982;730-433-609 23
Мелешкина;Елизавета;Андреевна;Ж;28.06.1961;666-274-666 94
Чуманева;Ирина;Федоровна;Ж;15.08.1973;260-948-162 28
Логиков;Эдуард;Вадимович;М;29.01.1999;530-886-813 54
Маматов;Дмитрий;Павлович;М;15.07.1988;899-433-641 15
Ширенков;Михаил;Антонович;М;14.08.1960;578-235-257 49
Адибеков;Анатолий;Олегович;М;05.12.2004;649-533-313 74
Ильичев;Руслан;Иванович;М;27.10.2006;539-616-135 08
Чадин;Владислав;Андреевич;М;27.03.2006;773-563-045 05
Шерин;Владимир;Данилович;М;13.05.1990;210-432-075 80
Шунатова;Анна;Яковлевна;Ж;07.10.1976;770-429-418 48
Перхурова;Дарья;Олеговна;Ж;22.06.1966;291-325-982 66
Цаплина;Вероника;Викторовна;Ж;14.03.1976;045-209-977 21
Солдунов;Владислав;Антонович;М;05.06.1992;231-687-394 97
Сурхаев;Константин;Антонович;М;06.11.1955;811-423-236 79
Базилин;Вадим;Алексеевич;М;16.11.1970;106-473-444 20
Селиков;Константин;Романович;М;09.07.1988;183-691-700 79
Гиргорин;Олег;Максимович;М;07.11.2000;313-195-309 32
Осадчев;Анатолий;Максимович;М;05.06.1964;484-465-870 63
Рябицева;Елизавета;Максимовна;Ж;26.06.1991;917-920-782 52
Дышева;Карина;Богдановна;Ж;06.02.1945;484-805-240 64
Фродина;Виолетта;Никитична;Ж;18.11.1945;735-104-225 53
Атбийкина;Анастасия;Федоровна;Ж;09.01.1950;330-731-775 55
Казарихин;Роман;Петрович;М;04.07.1945;466-003-929 53
Ходуньков;Валентин;Вадимович;М;01.03.1964;959-737-805 73
Плановский;Андрей;Иванович;М;06.03.1968;116-533-939 93
Муравьев;Валерий;Кириллович;М;14.03.1967;573-499-342 52
Гудецкий;Игорь;Викторович;М;07.02.1949;731-196-315 07
Запьянцев;Илья;Андреевич;М;27.11.1961;229-423-975 90
Тушунов;Ярослав;Андреевич;М;17.03.1971;696-542-403 73
Мыскова;Софья;Егоровна;Ж;02.09.1994;637-169-889 85
Вархалева;Марина;Василевна;Ж;23.12.1962;524-508-768 10
Туголукова;Алла;Олеговна;Ж;18.03.1965;561-819-962 90
Свинцицкий;Дмитрий;Олегович;М;17.09.1961;365-916-110 41
Лукшин;Тарас;Игоревич;М;25.03.1954;156-916-510 76
Зорецкий;Анатолий;Юрьевич;М;08.09.1996;287-567-632 53
Чувтаев;Ярослав;Яковлевич;М;02.09.1988;781-174-599 32
Длугина;Клара;Николаевна;Ж;11.05.1951;938-684-016 19
Каталина;Катерина;Василевна;Ж;21.02.2002;036-802-362 86
Лилова;Тамара;Яковлевна;Ж;24.12.1972;631-284-674 67
Либрова;Елена;Михайловна;Ж;02.04.1970;040-295-749 06
Ачадовская;Любовь;Борисовна;Ж;25.07.2007;339-642-651 17
Крынова;Ирина;Игоревна;Ж;16.04.1987;967-250-274 12
Кудрюмов;Евгений;Фёдорович;М;26.11.1955;429-517-582 60
Хомченков;Артём;Вадимович;М;12.03.1967;573-317-812 00
Любовицкий;Дмитрий;Олегович;М;17.02.2006;435-149-290 23
Жемондинов;Владислав;Петрович;М;15.08.1985;996-584-788 74
Тягушев;Станислав;Аркадиевич;М;16.10.1978;750-726-917 72
Клугин;Артём;Виталиевич;М;17.12.2000;027-891-851 57
Филькин;Иван;Валериевич;М;10.07.1978;533-682-063 03
Южалин;Леонид;Адамович;М;08.09.1978;472-872-655 77
Сайфуллов;Юрий;Валериевич;М;17.09.1981;155-915-825 57
Ростегаев;Пётр;Андреевич;М;10.11.1954;279-584-552 59
Нарин;Евгений;Данилович;М;09.02.1971;331-907-161 85
Ижинов;Илья;Павлович;М;10.09.1988;495-083-376 67
Адиянова;Александра;Борисовна;Ж;08.12.1986;252-886-994 60
Кургускина;Наталия;Романовна;Ж;18.02.1992;395-286-787 53
Богадаева;Виолетта;Викторовна;Ж;22.09.1958;145-650-824 18
Гультяева;Вероника;Викторовна;Ж;16.06.1960;634-021-383 82
Роженова;Кира;Олеговна;Ж;17.01.2006;466-534-357 57
Тафорина;Кристина;Егоровна;Ж;08.02.1952;379-937-450 40
Тыклина;Ирина;Яковлевна;Ж;10.01.1945;573-331-970 17
Колянова;Анна;Яковлевна;Ж;02.02.1953;841-293-199 100
Колчков;Олег;Игоревич;М;08.02.1962;500-084-176 24
Лутонин;Максим;Иванович;М;24.07.1946;432-357-817 67
Тучемский;Валерий;Аркадиевич;М;03.06.1947;971-282-898 45
Шафалинов;Игорь;Андреевич;М;14.01.1956;043-820-795 75
Шаморин;Георгий;Денисович;М;17.06.1970;104-419-704 07
Кояшов;Борис;Антонович;М;09.03.1998;502-006-930 63
Шеповалин;Игорь;Алексеевич;М;22.06.1987;610-262-269 43
Яричина;Яна;Петровна;Ж;16.07.1977;698-921-008 99
Марикова;Маргарита;Андреевна;Ж;26.06.1947;258-260-837 59
Покудова;Елизавета;Егоровна;Ж;01.04.1976;162-921-179 59
Крагулов;Олег;Игоревич;М;17.03.1997;270-239-360 93
Поливин;Николай;Антонович;М;25.08.1972;620-836-331 77
Старицына;Вера;Дмитриевна;Ж;10.11.2001;243-734-354 19
Леонская;Анна;Евгеньевна;Ж;01.10.1977;849-120-611 34
Супранкова;Анна;Дмитриевна;Ж;06.04.1980;398-996-973 67
Косарина;Алина;Василевна;Ж;13.11.1984;184-724-418 36
Толнегина;Ирина;Ивановна;Ж;10.01.1989;657-366-631 23
Илалова;Вероника;Борисовна;Ж;04.07.2003;585-037-734 38
Мельшикова;Евгения;Петровна;Ж;20.09.1993;296-156-026 100
Безделкина;Валентина;Валерьевна;Ж;04.01.1953;218-814-577 92
Горлюков;Виктор;Михаилович;М;12.04.1992;357-273-239 52
Моляков;Роман;Викторович;М;11.09.1953;789-767-866 65
Негодкин;Пётр;Максимович;М;05.08.1953;897-779-186 39
Миндерлин;Алексей;Антонович;М;22.07.1967;340-333-580 89
Бухлин;Владимир;Василиевич;М;07.07.1945;350-097-737 84
Шалякин;Максим;Евгеньевич;М;01.12.1997;297-981-068 87
Утимишев;Максим;Георгиевич;М;03.11.1964;503-547-128 27
Прошичев;Аркадий;Адамович;М;18.10.1945;048-022-157 93
Линов;Пётр;Георгиевич;М;02.03.1996;870-479-941 77
Покрепина;Ева;Викторовна;Ж;30.03.1957;533-972-243 10
Коврежкин;Вадим;Сергеевич;М;25.08.1950;753-066-374 43
Криушкин;Борис;Кириллович;М;11.08.1960;044-202-058 81
Алалякин;Эдуард;Сергеевич;М;13.10.1957;005-002-526 59
Богадаев;Кирилл;Борисович;М;14.11.1979;107-404-749 70
Макаршев;Пётр;Олегович;М;21.03.1979;949-017-389 02
Хадарцев;Владимир;Кириллович;М;28.08.1988;615-845-232 91
Тиранкин;Борис;Михаилович;М;22.02.2002;477-373-675 94
Неудачина;Виолетта;Федоровна;Ж;02.04.1971;127-061-311 16
Бунтышева;Алина;Андреевна;Ж;10.09.1966;238-777-918 34
Евшина;Дарья;Богдановна;Ж;01.05.2008;171-156-933 37
Чиляков;Никита;Георгиевич;М;07.02.1967;376-579-427 96
Ратницкий;Олег;Алексиевич;М;15.01.1985;176-415-672 38
Паисов;Альберт;Андреевич;М;09.09.1993;008-394-383 59
Модоров;Валентин;Георгиевич;М;15.08.1950;768-597-529 32
Шапочкин;Владислав;Борисович;М;23.04.1965;632-864-125 04
Бельнюшкин;Кирилл;Фёдорович;М;19.12.1973;876-319-546 73
Брончукова;Анна;Викторовна;Ж;12.12.1993;138-248-806 57
Черкендова;Елена;Егоровна;Ж;07.08.1943;579-779-525 03
Конураева;София;Яковлевна;Ж;18.07.1963;591-878-922 85
Елоримова;Алена;Евгеньевна;Ж;23.02.1968;739-801-910 77
Фаткудинов;Никита;Адамович;М;22.03.1964;543-216-268 44
Бодяков;Семён;Адамович;М;11.11.1962;569-092-762 55
Михолина;Ирина;Дмитриевна;Ж;27.06.1956;851-091-275 23
Трайкова;Людмила;Василевна;Ж;19.01.1974;649-031-813 80
Колченкова;Лариса;Ивановна;Ж;30.05.2001;882-909-849 46
Петькина;Екатерина;Андреевна;Ж;02.07.1956;813-467-202 63
Волнакова;Инна;Федоровна;Ж;26.04.1962;059-780-913 42
Мизилкина;Карина;Максимовна;Ж;24.05.1947;648-256-964 02
Гондюреева;Екатерина;Егоровна;Ж;06.11.1955;141-982-750 30
Гаражиева;Ольга;Сергеевна;Ж;13.03.1976;486-055-981 73
Быев;Андрей;Олегович;М;17.07.1998;511-431-972 26
Солдянов;Евгений;Яковлевич;М;04.06.1981;729-697-222 29
Горбовский;Артур;Андреевич;М;13.08.1988;476-202-434 69
Ккотов;Илья;Адамович;М;17.10.1998;811-384-404 83
Искольская;Анна;Ивановна;Ж;18.06.1977;495-809-950 69
Щегольцова;Катерина;Дмитриевна;Ж;23.10.1983;317-413-156 97
Вайтенкова;Мария;Олеговна;Ж;30.03.2005;718-072-743 23
Сеина;Светлана;Дмитриевна;Ж;26.03.1962;945-073-908 62
Рыткина;Алина;Михайловна;Ж;24.12.1975;195-731-348 47
Летошнева;Кира;Сергеевна;Ж;11.05.1954;961-500-787 67
Евтухов;Роман;Леонидович;М;18.07.1980;034-598-932 84
Белушкин;Леонид;Яковлевич;М;16.06.1960;398-199-249 21
Майнин;Степан;Георгиевич;М;16.02.1989;093-151-502 35
Свотин;Андрей;Леонидович;М;04.08.1966;684-622-693 65
Бритаев;Дмитрий;Олегович;М;26.11.1987;560-583-162 00
Неумойчев;Дмитрий;Петрович;М;15.04.1996;707-972-576 07
Земская;Софья;Борисовна;Ж;02.04.1947;456-179-092 52
Пологих;Лиза;Андреевна;Ж;11.04.1996;155-917-903 38
Вздорова;Кира;Максимовна;Ж;16.05.1950;865-730-489 00
Ковырялина;Мария;Николаевна;Ж;21.07.1959;094-144-560 91
Смойкин;Николай;Викторович;М;10.12.1953;467-031-362 70
Чемарин;Аркадий;Иванович;М;24.12.1998;861-926-107 06
Дюдюев;Алексей;Аркадиевич;М;12.11.1964;344-678-285 01
Сайнчин;Андрей;Романович;М;04.12.1959;147-736-057 50
Пенцлин;Илья;Викторович;М;27.10.1991;447-082-120 23
Твердов;Владимир;Леонидович;М;09.11.1979;649-090-545 33
Даулбаева;Анна;Максимовна;Ж;28.08.1981;467-320-177 18
Свинина;Алиса;Яковлевна;Ж;27.07.1977;156-808-911 25
Шуклина;Евгения;Михайловна;Ж;26.03.1986;662-682-105 79
Шумилкина;Екатерина;Евгеньевна;Ж;07.12.1992;745-510-169 27
Екимовских;Станислав;Андреевич;М;05.09.1965;955-608-991 100
Томашев;Юрий;Антонович;М;03.09.1984;988-864-197 26
Крашенков;Роман;Данилович;М;16.07.1994;659-812-195 55
Глебская;Зинаида;Романовна;Ж;08.08.2001;445-973-517 65
Мжельских;Яна;Кирилловна;Ж;02.01.2008;352-404-086 11
Машнина;Лиза;Ивановна;Ж;02.03.1975;155-438-760 41
Ваньшина;Елизавета;Эдуардовна;Ж;04.02.1945;473-920-039 11
Польгунова;Софья;Игоревна;Ж;16.12.1989;048-935-877 46
Кушаева;Екатерина;Петровна;Ж;01.07.1943;023-362-995 01
Гамырина;Виолетта;Эдуардовна;Ж;28.07.1983;806-864-700 92
Вахрапов;Михаил;Василиевич;М;11.04.1973;164-497-387 29
Теплышев;Илья;Андреевич;М;19.01.1995;753-102-707 84
Тарев;Владислав;Максимович;М;13.05.1992;725-087-735 69
Нетребский;Владислав;Яковлевич;М;23.08.2003;572-944-600 75
Чувайкин;Василий;Адамович;М;26.01.1972;633-138-097 65
Мозгонов;Аркадий;Адамович;М;17.05.1971;641-902-046 81
Эльдаров;Кирилл;Валериевич;М;28.10.1981;811-729-466 83
Татиевский;Роман;Алексеевич;М;29.04.2000;966-007-320 34
Ижаева;Полина;Валерьевна;Ж;23.10.1998;281-060-304 27
Матлашова;Клара;Леонидовна;Ж;06.08.1998;084-347-114 78
Бугарчев;Георгий;Алексеевич;М;02.02.1997;200-702-357 03
Шпильков;Яков;Вадимович;М;22.10.1944;539-961-457 87
Алферин;Станислав;Николаевич;М;15.05.1986;111-270-536 98
Новацкий;Максим;Алексиевич;М;29.05.1968;727-564-224 01
Пуликов;Эдуард;Леонидович;М;07.04.1966;115-400-713 43
Агасиева;Лариса;Михайловна;Ж;16.07.1966;128-789-079 41
Ляпунцова;Лиза;Николаевна;Ж;02.09.2001;900-120-744 72
Недоборова;Полина;Василевна;Ж;01.01.1946;727-444-601 68
Шавалдина;Алла;Михайловна;Ж;12.02.1988;083-827-644 62
Плещакова;Светлана;Богдановна;Ж;14.07.1964;192-881-404 99
Копотов;Алексей;Алексеевич;М;19.04.1943;992-262-877 09
Олонов;Николай;Максимович;М;12.08.1970;222-809-386 86
Дорогунцев;Аркадий;Кириллович;М;18.02.1979;532-531-562 93
Лентяев;Эдуард;Леонидович;М;20.07.1949;086-522-292 13
Земницкий;Семён;Романович;М;05.07.1964;453-517-535 31
Бирков;Алексей;Тимофеевич;М;05.06.1955;357-392-092 27
Шуршалов;Борис;Виталиевич;М;27.04.2006;864-464-158 61
Хоткин;Владислав;Антонович;М;22.12.1977;532-580-937 76
Залицаев;Вадим;Викторович;М;03.09.1963;278-365-510 80
Бровченков;Виталий;Максимович;М;17.07.1962;881-714-534 13
Нецелуев;Аркадий;Олегович;М;07.02.1976;199-453-400 52
Фомцов;Яков;Игоревич;М;01.05.1959;887-433-868 21
Комедов;Антон;Андреевич;М;29.10.2003;477-171-330 49
Атауллина;Карина;Михайловна;Ж;20.06.1966;673-068-086 65
Деребеева;Наталия;Эдуардовна;Ж;07.12.2001;542-449-654 72
Золомаева;Ева;Романовна;Ж;14.09.1951;713-727-012 45
Василькина;Ирина;Сергеевна;Ж;15.11.1990;108-481-176 43
Костенева;Катерина;Игоревна;Ж;18.12.1983;908-976-134 43
Колтохина;София;Петровна;Ж;27.09.1997;065-491-601 72
Толикина;Клара;Олеговна;Ж;18.03.2002;999-648-162 53
Закудряев;Тарас;Вадимович;М;27.11.1979;775-991-581 76
Феоктисов;Александр;Петрович;М;12.07.1991;957-804-978 44
Зиннуров;Николай;Георгиевич;М;30.12.1991;449-656-885 45
Самсаков;Григорий;Павлович;М;12.08.1965;274-303-699 04
Фиофанов;Денис;Кириллович;М;10.03.1977;223-946-948 32
Бадачева;Юлия;Андреевна;Ж;28.04.1981;071-432-842 01
Великова;Вероника;Николаевна;Ж;21.12.1989;273-740-260 61
Талихова;Ева;Романовна;Ж;15.04.1987;055-816-731 15
Засовина;Евгения;Кирилловна;Ж;10.02.1984;847-160-321 35
Дегольцева;Мария;Петровна;Ж;05.05.1996;885-927-884 38
Червоткин;Василий;Викторович;М;24.02.1991;519-353-157 34
Долбинов;Владимир;Вадимович;М;12.11.1985;896-460-346 31
Чигварина;Вероника;Евгеньевна;Ж;02.06.1954;304-510-172 46
Немоляева;Виолетта;Борисовна;Ж;24.11.2002;130-614-609 22
Лободаева;Ольга;Николаевна;Ж;30.01.1992;807-368-189 21
Кленчина;Вероника;Кирилловна;Ж;10.03.1960;908-253-487 85
Жуклвская;Дарья;Олеговна;Ж;18.04.2001;512-265-833 27
Чепарухина;Алла;Богдановна;Ж;12.07.1962;390-187-056 37
Локтанова;Валерия;Кирилловна;Ж;06.05.2001;150-521-909 33
Цетыркина;Светлана;Вадимовна;Ж;08.09.2005;611-067-619 57
Данекина;Мария;Петровна;Ж;20.12.1958;119-598-847 51
Рокшина;Виолетта;Борисовна;Ж;13.11.1996;557-395-708 89
Бротенкова;Лариса;Кирилловна;Ж;24.12.1992;164-448-193 55
Бастринина;Светлана;Игоревна;Ж;17.08.1976;485-233-369 68
Пачушкина;Юлия;Петровна;Ж;01.04.1943;123-951-037 01
Безокова;Алла;Яковлевна;Ж;09.10.1981;695-208-097 70
Губукина;Елена;Никитична;Ж;29.05.1976;796-175-119 41
Пиханова;Людмила;Леонидовна;Ж;01.08.1977;536-218-931 21
Залящина;Ольга;Николаевна;Ж;08.05.1949;846-814-567 88
Лапундина;Екатерина;Игоревна;Ж;11.11.1990;637-463-903 22
Равнушкин;Юрий;Кириллович;М;23.02.1998;277-192-320 56
Минюров;Кирилл;Денисович;М;06.04.1979;890-037-215 75
Исаков;Денис;Сергеевич;М;11.03.1976;859-946-117 50
Кринкин;Артём;Игоревич;М;10.06.1950;448-512-361 78
Пуршева;Ольга;Василевна;Ж;24.03.1948;621-571-408 09
Стегина;Тамара;Алексеевна;Ж;25.11.1999;840-891-406 17
Анищина;Елена;Андреевна;Ж;26.05.1979;938-351-203 41
Сердюкова;Алена;Михайловна;Ж;09.03.1998;647-378-930 57
Косибина;Светлана;Борисовна;Ж;04.12.1948;518-655-069 83
Атопкина;Клара;Яковлевна;Ж;02.08.2008;006-544-375 45
Куроедов;Валерий;Василиевич;М;15.03.1967;181-995-628 13
Ахуткина;Анна;Романовна;Ж;09.10.1985;217-328-039 35
Ванецова;Тамара;Евгеньевна;Ж;18.11.1997;885-890-917 99
Барбатова;Вероника;Эдуардовна;Ж;10.03.1988;898-650-666 88
Кулезина;Александра;Игоревна;Ж;13.12.1949;884-720-244 84
Татарикова;Екатерина;Богдановна;Ж;18.11.2005;391-204-871 13
Масягина;Виолетта;Дмитриевна;Ж;15.12.1986;580-853-198 97
Варвинская;Инна;Сергеевна;Ж;23.06.2007;332-257-719 74
Гапанкова;Клавдия;Василевна;Ж;01.01.1958;443-452-896 10
Неумойчева;Полина;Михайловна;Ж;15.12.1985;431-566-175 48
Ванчагова;Елизавета;Егоровна;Ж;30.06.1966;391-441-602 50
Славутина;Елизавета;Леонидовна;Ж;26.11.1977;623-281-118 90
Патяева;Алёна;Вадимовна;Ж;16.03.1971;962-279-460 36
Аширова;Галина;Богдановна;Ж;22.03.2002;429-766-597 57
Слаущева;Екатерина;Василевна;Ж;28.08.1992;528-320-554 98
Тонталова;Маргарита;Михайловна;Ж;20.01.1949;733-945-800 97
Лихванцева;Катерина;Кирилловна;Ж;07.03.1980;709-928-436 77
Епишева;Валерия;Петровна;Ж;16.11.1945;127-369-856 25
Кондыкова;Алла;Эдуардовна;Ж;16.06.1979;661-477-863 95
Силогинова;Оксана;Алексеевна;Ж;03.05.1999;278-615-086 55
Кадрычев;Эдуард;Андреевич;М;04.08.2000;573-690-573 58
Лавыгин;Роман;Фёдорович;М;25.07.1975;182-283-574 59
Арипов;Василий;Валериевич;М;19.08.2008;105-550-504 59
Лагонский;Артур;Романович;М;02.11.1950;415-367-561 35
Альметьева;Алена;Алексеевна;Ж;19.03.1962;125-205-708 14
Интякова;Юлия;Петровна;Ж;11.09.1944;646-942-563 51
Пиночкина;Ольга;Кирилловна;Ж;22.09.1943;065-088-286 93
Стафашина;Елизавета;Андреевна;Ж;02.07.2006;992-430-966 76
Халилулова;Виолетта;Сергеевна;Ж;10.12.1980;356-457-083 41
Прохова;Юлия;Федоровна;Ж;07.02.1978;247-644-246 35
Сатанцов;Олег;Иванович;М;24.01.1994;449-298-509 00
Чемашев;Григорий;Леонидович;М;25.12.1984;518-955-675 17
Червашин;Георгий;Антонович;М;11.12.1973;403-483-838 90
Вожегова;Яна;Максимовна;Ж;20.09.1945;088-344-129 33
Кошланская;Екатерина;Игоревна;Ж;21.10.1976;531-187-657 95
Загорюева;Марина;Максимовна;Ж;24.07.1966;960-566-571 48
Мориичева;Яна;Василевна;Ж;21.11.1981;251-931-362 93
Кутыпева;Вера;Богдановна;Ж;02.09.2007;955-381-461 09
Ниташова;Катерина;Егоровна;Ж;08.09.1991;531-388-325 33
Коденцова;Мария;Леонидовна;Ж;15.11.1978;494-120-113 02
Дубцов;Пётр;Юриевич;М;12.12.1995;386-957-028 67
Стрижанова;Светлана;Яковлевна;Ж;29.10.2000;461-235-498 94
Молаева;Софья;Михайловна;Ж;06.06.1971;268-383-486 01
Юстикова;Ксения;Евгеньевна;Ж;31.05.1949;028-023-306 53
Шешенина;Клара;Никитична;Ж;25.12.1996;951-196-011 43
Волковская;Лиза;Николаевна;Ж;11.10.1983;941-131-415 50
Татченкова;Ева;Алексеевна;Ж;22.11.1976;603-048-197 69
Шлехова;Катерина;Ивановна;Ж;02.07.1979;338-496-265 80
Шлекова;Виолетта;Аркадьевна;Ж;31.07.2008;395-653-829 05
Бурынина;Валентина;Олеговна;Ж;18.06.1961;897-479-106 45
Городулин;Артур;Игоревич;М;20.12.2003;714-118-441 74
Кремлев;Герасим;Адамович;М;03.09.1997;509-577-833 81
Непогодин;Станислав;Николаевич;М;25.05.1962;640-291-303 44
Каневцов;Дмитрий;Юрьевич;М;07.03.1957;538-881-310 66
Правильев;Николай;Юриевич;М;21.11.1973;889-130-342 62
Зимаков;Альберт;Василиевич;М;01.09.2008;444-226-079 55
Сопленков;Артур;Алексеевич;М;16.02.1973;161-129-110 14
Можайский;Георгий;Сергеевич;М;29.01.1993;724-864-952 78
Балакишиев;Павел;Данилович;М;27.11.1981;657-841-281 15
Солапекин;Станислав;Яковлевич;М;20.04.1972;948-558-341 28
Михедов;Максим;Фёдорович;М;11.04.1987;818-445-275 54
Жемугов;Альберт;Вадимович;М;24.01.1944;070-228-002 13
Рязанский;Олег;Адамович;М;28.11.1999;043-612-596 66
Хатюшин;Пётр;Адамович;М;12.10.1955;228-794-338 90
Цвеликов;Артём;Петрович;М;03.04.2000;677-728-001 54
Мушеков;Яков;Валериевич;М;15.07.1962;901-564-070 70
Цуранов;Михаил;Сергеевич;М;12.01.1962;759-503-606 08
Хромылева;Алёна;Андреевна;Ж;01.01.1956;772-800-769 87
Голосина;Людмила;Федоровна;Ж;09.04.1990;753-993-124 17
Своталова;Ксения;Валерьевна;Ж;16.07.1952;744-939-000 52
Долголиков;Эдуард;Виталиевич;М;17.11.1987;615-634-162 89
Узенков;Илья;Олегович;М;20.12.1983;439-792-357 92
Друговин;Леонид;Виталиевич;М;13.04.1972;329-510-792 38
Столицын;Никита;Юриевич;М;23.07.1970;864-004-312 18
Акшуев;Артём;Максимович;М;03.03.1980;944-547-520 91
Торгованов;Эдуард;Романович;М;30.07.1968;981-383-038 28
Бокачев;Альберт;Василиевич;М;13.11.1995;899-092-368 94
Рукицов;Ярослав;Валериевич;М;26.12.1962;133-334-599 08
Геродотова;Клавдия;Олеговна;Ж;26.06.1977;009-536-422 89
Шедякова;Вера;Эдуардовна;Ж;09.10.1953;104-609-712 100
Мерзих;Артём;Аркадиевич;М;14.07.1972;167-982-892 22
Ахмяров;Константин;Максимович;М;25.03.1964;539-441-563 25
Кушунин;Артём;Игоревич;М;26.01.1982;670-826-653 49
Юминов;Станислав;Денисович;М;26.10.1988;715-258-625 47
Саламонов;Денис;Петрович;М;22.12.1970;096-531-235 88
Становых;Павел;Михаилович;М;11.11.1985;814-409-476 75
Голичев;Тарас;Петрович;М;15.02.1985;415-169-284 65
Алобанский;Андрей;Алексиевич;М;21.05.1975;423-821-837 53
Буркин;Борис;Юриевич;М;15.09.1997;597-050-970 23
Колкатина;Светлана;Николаевна;Ж;08.12.1984;486-489-674 34
Перепелов;Виктор;Романович;М;07.09.1985;478-739-904 81
Алексеров;Григорий;Данилович;М;14.09.2000;074-606-484 56
Вытягова;Алина;Кирилловна;Ж;07.06.1959;824-341-143 51
Булочова;Ева;Евгеньевна;Ж;30.09.1975;315-683-954 92
Раковская;Тамара;Яковлевна;Ж;03.05.1980;647-059-686 25
Заворцева;Анастасия;Эдуардовна;Ж;24.10.1986;225-081-361 73
Любашкина;Вера;Максимовна;Ж;27.01.1988;758-050-352 69
Жижаева;Тамара;Никитична;Ж;21.05.1997;661-002-220 73
Куряева;Елена;Вадимовна;Ж;02.10.1976;077-973-427 74
Мадюшина;Жанна;Сергеевна;Ж;10.10.2003;727-014-798 04
Аралкин;Станислав;Аркадиевич;М;11.11.1953;517-874-490 62
Сарнавский;Виктор;Виталиевич;М;12.04.1967;922-947-889 85
Гирголаев;Артём;Сергеевич;М;21.07.1960;728-256-287 90
Петровкин;Степан;Виталиевич;М;09.07.1965;220-081-241 29
Лукомников;Виктор;Михаилович;М;30.11.1973;208-734-301 44
Дадонов;Альберт;Павлович;М;09.02.1963;145-406-979 33
Лошанов;Юрий;Кириллович;М;12.12.1981;959-196-496 36
Арзыбов;Валентин;Валериевич;М;21.03.1965;370-543-168 42
Усубов;Аркадий;Олегович;М;22.10.1975;860-505-035 64
Итигин;Руслан;Павлович;М;19.11.1952;771-920-491 16
Жигов;Тарас;Евгеньевич;М;23.08.2001;916-620-501 26
Арефулов;Антон;Василиевич;М;29.08.1955;898-082-171 00
Каграманов;Ярослав;Олегович;М;12.07.1955;299-884-550 56
Шимоногов;Ярослав;Николаевич;М;21.02.1952;219-673-098 100
Сахаров;Руслан;Антонович;М;15.03.1981;064-446-267 63
Голоцуков;Тарас;Максимович;М;11.10.1988;018-526-607 34
Беликоева;Юлия;Романовна;Ж;09.02.1999;241-209-140 34
Ааронова;Клара;Богдановна;Ж;14.09.1971;266-937-623 49
Поцебнева;Ирина;Борисовна;Ж;12.02.1984;627-609-783 98
Колова;Вера;Валерьевна;Ж;23.12.1967;560-309-016 70
Пантин;Владимир;Георгиевич;М;05.07.2007;630-401-270 26
Мамедов;Николай;Олегович;М;30.01.1983;488-221-799 22
Тупикин;Денис;Аркадиевич;М;07.02.1965;030-331-678 56
Пажельцев;Герасим;Николаевич;М;22.02.1982;308-557-251 08
Эстров;Александр;Петрович;М;31.08.1985;546-262-434 100
Яхов;Антон;Максимович;М;06.08.1965;089-438-863 100
Конарыгин;Георгий;Денисович;М;18.01.1996;427-741-787 12
Матухин;Максим;Фёдорович;М;06.02.1986;006-402-708 01
Гарнаухина;Виктория;Сергеевна;Ж;22.08.1969;233-738-281 33
Шумбурова;Карина;Олеговна;Ж;28.06.1974;635-057-416 16
Нечин;Артур;Максимович;М;10.09.1962;248-760-988 51
Горшунов;Антон;Тимофеевич;М;17.05.2005;174-506-604 91
Густомясов;Эдуард;Борисович;М;28.06.1970;598-217-822 24
Грозов;Денис;Антонович;М;03.04.2001;758-128-121 53
Свистков;Игорь;Игоревич;М;31.01.1948;401-124-155 65
Щекаев;Тарас;Иванович;М;18.10.1953;021-425-961 24
Курлыкин;Владимир;Сергеевич;М;28.02.1951;066-451-311 34
Саминский;Андрей;Борисович;М;23.05.1966;078-156-419 58
Ризатдинов;Герасим;Адамович;М;28.12.1954;476-927-538 02
Тропорева;Елизавета;Богдановна;Ж;25.04.1952;859-247-615 45
Кошляров;Вячеслав;Андреевич;М;30.12.1995;506-706-108 96
Аглобин;Яков;Олегович;М;20.03.1997;253-506-167 32
Кушунин;Михаил;Николаевич;М;11.08.1991;402-240-863 07
Рьянов;Николай;Борисович;М;20.09.1983;672-705-174 17
Голобачева;Алина;Андреевна;Ж;25.02.1984;132-360-491 100
Шулешова;Оксана;Андреевна;Ж;10.06.1984;011-780-679 08
Шагманова;Валерия;Кирилловна;Ж;17.10.1967;357-106-707 19
Абахина;Любовь;Романовна;Ж;29.07.1998;332-880-104 55
Парсамова;Екатерина;Андреевна;Ж;16.09.1976;364-918-257 77
Слепухина;Юлия;Кирилловна;Ж;19.03.1971;869-491-973 09
Бадоев;Григорий;Леонидович;М;09.01.1988;218-472-866 100
Шарихин;Семён;Борисович;М;16.11.1956;955-447-335 37
Корухов;Яков;Игоревич;М;20.02.1969;994-973-585 24
Диканский;Денис;Романович;М;01.12.1983;704-086-201 37
Жингалов;Ярослав;Вадимович;М;18.01.1949;866-270-528 41
Пручкин;Тарас;Антонович;М;16.09.1998;380-907-281 20
Плаев;Яков;Андреевич;М;19.10.1986;263-089-412 00
Мелекесцев;Геннадий;Андреевич;М;28.04.1998;835-437-673 71
Кузовнова;Жанна;Никитична;Ж;06.03.1963;483-651-575 64
Воренцова;София;Василевна;Ж;27.08.1989;049-137-933 49
Фаленов;Пётр;Михаилович;М;16.09.1971;803-541-922 95
Булашев;Павел;Борисович;М;10.09.1998;206-122-822 64
Кратнов;Алексей;Игоревич;М;17.01.1970;173-122-729 35
Тюлюков;Эдуард;Аркадиевич;М;24.09.1989;256-887-907 22
Хейнова;Лиза;Николаевна;Ж;09.02.1982;947-839-188 33
Весенкина;Кристина;Игоревна;Ж;13.09.1948;910-402-325 46
Калабугова;Карина;Олеговна;Ж;23.01.1989;081-960-787 17
Маголина;Анастасия;Леонидовна;Ж;18.10.1972;741-005-799 02
Блашкина;Алёна;Федоровна;Ж;03.01.1986;419-913-469 98
Барнева;Клара;Евгеньевна;Ж;06.01.1973;559-105-800 53
Смиловский;Алексей;Тимофеевич;М;30.08.1973;564-157-511 78
Целунов;Юрий;Петрович;М;22.03.1965;277-622-164 04
Жеронкин;Александр;Петрович;М;05.01.1947;784-782-505 30
Гюбиев;Андрей;Тимофеевич;М;07.06.1998;962-864-613 26
Дросикова;Тамара;Олеговна;Ж;29.03.1944;143-795-130 80
Суховицкая;Вероника;Никитична;Ж;30.07.1998;942-381-245 04
Виняева;Ксения;Никитична;Ж;16.03.1974;538-276-085 62
Цапылева;Марина;Валерьевна;Ж;16.05.1960;890-259-136 32
Плотицына;Алина;Петровна;Ж;22.08.2006;714-494-810 03
Аджарова;Анастасия;Евгеньевна;Ж;06.03.1948;300-879-022 89
Кантаев;Василий;Юрьевич;М;14.06.1945;870-304-733 90
Ирчисцев;Андрей;Данилович;М;07.08.1956;287-127-440 80
Гурнин;Григорий;Юриевич;М;08.02.2002;433-701-690 03
Мкрзликин;Андрей;Максимович;М;15.07.1965;345-838-522 25
Пастинский;Роман;Георгиевич;М;25.05.2006;020-667-298 12
Мендусов;Денис;Павлович;М;27.12.1997;070-434-431 56
Полыскаев;Михаил;Игоревич;М;07.02.1950;727-622-138 13
Алов;Максим;Николаевич;М;07.06.1987;114-243-279 55
Мотлахов;Алексей;Игоревич;М;24.10.1978;164-434-176 34
Калдымова;Виктория;Романовна;Ж;16.10.1999;858-581-618 72
Грынин;Пётр;Павлович;М;16.11.1943;510-892-458 87
Базылев;Дмитрий;Михаилович;М;09.01.1991;466-452-743 32
Черепухин;Георгий;Адамович;М;26.05.1952;373-154-887 15
Мартусов;Константин;Алексиевич;М;29.09.1994;411-602-169 19
Будилкин;Вячеслав;Иванович;М;04.04.1979;067-106-162 70
Луканихин;Герасим;Тимофеевич;М;19.08.1982;986-425-587 09
Шелабнев;Семён;Николаевич;М;06.04.1956;855-705-344 12
Коломыцин;Леонид;Михаилович;М;30.08.1985;315-884-289 30
Тихобразов;Евгений;Алексеевич;М;30.11.1962;718-525-320 51
Волохонин;Дмитрий;Аркадиевич;М;03.05.1956;269-464-292 53
Джашитов;Виталий;Игоревич;М;07.02.1969;277-254-587 04
Федюненчев;Вячеслав;Аркадиевич;М;02.08.1984;077-979-946 69
Балматков;Валентин;Тимофеевич;М;31.08.1966;664-837-793 20
Воднев;Михаил;Иванович;М;29.01.1970;686-324-963 67
Командрина;Юлия;Олеговна;Ж;03.09.1996;025-241-947 56
Томыгина;Ирина;Богдановна;Ж;02.12.1955;169-042-488 80
Трокская;Виолетта;Эдуардовна;Ж;30.04.1979;202-113-973 22
Кузнеова;Карина;Никитична;Ж;31.05.1968;334-891-850 42
Мышкина;Ева;Олеговна;Ж;14.06.1960;236-525-757 86
Сторожевых;София;Леонидовна;Ж;27.10.1964;277-964-376 06
Алещопов;Максим;Борисович;М;08.01.1953;608-709-631 21
Кубаркин;Альберт;Георгиевич;М;08.09.1956;793-902-858 00
Балбышев;Тарас;Романович;М;17.12.2002;854-538-777 36
Сундуров;Виктор;Павлович;М;16.08.2007;876-913-635 49
Устриков;Степан;Тимофеевич;М;17.12.1948;400-037-819 50
Шибанихина;Анна;Кирилловна;Ж;15.09.1967;349-715-921 24
Тиконова;Александра;Василевна;Ж;02.06.1969;393-774-321 92
Струкалина;София;Кирилловна;Ж;01.01.1985;515-951-199 100
Деревякина;Надежда;Николаевна;Ж;03.05.1962;360-810-255 83
Гребедкина;Галина;Викторовна;Ж;17.09.1991;809-565-063 22
Моргачев;Никита;Данилович;М;28.10.1977;765-656-889 84
Кулинин;Олег;Алексиевич;М;26.08.1987;690-585-570 45
Акользин;Илья;Иванович;М;10.12.1947;267-415-213 56
Гужилев;Илья;Юрьевич;М;02.03.1946;220-804-723 89
Васюхичев;Владимир;Николаевич;М;27.02.1979;966-305-747 67
Гуляков;Аркадий;Вадимович;М;01.03.1957;438-526-091 12
Резванов;Владимир;Олегович;М;05.07.1972;328-326-213 60
Раздорских;Валерий;Максимович;М;15.01.2004;368-613-323 75
Стряпчева;Клавдия;Олеговна;Ж;17.10.1981;728-941-846 87
Питкина;Марина;Леонидовна;Ж;16.08.1972;367-285-390 44
Северьянов;Николай;Алексиевич;М;27.04.1950;640-707-202 37
Батулкин;Вячеслав;Михаилович;М;08.05.1983;381-415-681 26
Обуленков;Владимир;Денисович;М;07.04.1988;925-426-780 43
Сызлыков;Василий;Юриевич;М;03.12.1954;455-434-374 34
Смолякова;Жанна;Федоровна;Ж;07.12.1982;090-133-721 55
Маннина;Елизавета;Андреевна;Ж;18.10.1979;025-314-095 11
Команкова;Софья;Петровна;Ж;12.01.1989;144-076-432 92
Иосфова;Светлана;Егоровна;Ж;10.09.1985;232-864-217 21
Карачинова;Маргарита;Никитична;Ж;05.07.1959;782-126-705 04
Сюсина;Светлана;Борисовна;Ж;17.11.1947;061-582-435 21
Лейнов;Артур;Юриевич;М;25.01.1978;743-274-237 27
Фортуков;Артём;Леонидович;М;07.04.1991;394-485-070 04
Нешков;Константин;Игоревич;М;12.01.1968;329-926-156 56
Дмитричев;Борис;Яковлевич;М;07.06.1981;567-281-638 73
Альбахова;Кира;Романовна;Ж;15.06.1990;374-330-975 66
Долгаева;Виолетта;Олеговна;Ж;28.09.1962;748-530-624 99
Варабичева;Лариса;Сергеевна;Ж;27.10.1992;759-850-532 09
Батвиньева;Валентина;Сергеевна;Ж;13.05.2003;875-091-180 86
Жужганова;Наталия;Эдуардовна;Ж;13.05.1952;814-710-718 22
Завиралова;Карина;Алексеевна;Ж;09.01.1994;937-203-758 66
Хлыняев;Максим;Валериевич;М;07.10.1997;485-715-037 16
Борхин;Эдуард;Петрович;М;25.12.1994;782-495-736 95
Мациевский;Артур;Игоревич;М;05.01.2001;703-590-686 93
Бяушкин;Никита;Аркадиевич;М;01.09.1986;489-251-520 58
Федерякин;Пётр;Денисович;М;06.05.1999;196-416-466 65
Гагачев;Руслан;Вадимович;М;04.05.1965;314-362-531 67
Персиков;Юрий;Юрьевич;М;05.09.1986;693-681-694 03
Грандицкий;Владимир;Денисович;М;27.09.1969;351-726-111 34
Аигин;Семён;Юрьевич;М;31.01.1953;806-710-508 99
Двуглазова;Кристина;Егоровна;Ж;25.03.1994;343-052-231 22
Крошилин;Анатолий;Вадимович;М;06.02.2006;511-255-751 07
Белов;Валерий;Борисович;М;19.06.1966;147-680-116 92
Жестовский;Валерий;Николаевич;М;05.08.1973;714-422-228 92
Вельсков;Ярослав;Алексиевич;М;29.10.1947;237-264-646 61
Хропин;Леонид;Кириллович;М;30.01.1943;140-875-581 60
Стасикова;Елизавета;Ивановна;Ж;17.02.1970;921-610-536 92
Торопеева;Ксения;Федоровна;Ж;30.11.1947;314-168-346 45
Разыхова;Любовь;Вадимовна;Ж;19.09.1965;794-889-009 85
Бычевская;Надежда;Федоровна;Ж;26.07.1981;974-242-383 21
Ткачкова;Наталья;Леонидовна;Ж;25.05.1945;813-037-723 00
Лихотин;Григорий;Вадимович;М;05.04.1999;519-518-401 67
Маюнов;Константин;Данилович;М;26.09.1967;671-370-530 54
Кудинов;Герасим;Алексиевич;М;15.07.2004;930-995-152 28
Гальянов;Руслан;Алексеевич;М;11.06.1950;736-572-763 66
Шиндов;Игорь;Фёдорович;М;14.09.1967;766-186-811 23
Струлецкий;Иван;Адамович;М;23.02.1978;051-918-550 13
Большаев;Александр;Романович;М;07.08.1954;969-766-394 19
Мохряков;Григорий;Борисович;М;06.08.1999;899-286-197 26
Сингатулин;Григорий;Георгиевич;М;15.11.1959;151-131-017 30
Ланеева;Вероника;Егоровна;Ж;13.08.1966;180-081-044 55
Каритов;Владислав;Петрович;М;30.06.1996;928-028-084 27
Емешева;Дарья;Эдуардовна;Ж;25.12.1985;519-728-762 80
Знашдинова;Ксения;Дмитриевна;Ж;01.03.1978;313-733-872 50
Тюлькова;Лариса;Валерьевна;Ж;26.11.1999;042-177-106 84
Беловецкая;Анастасия;Валерьевна;Ж;21.02.1987;934-587-712 42
Санакина;Вера;Михайловна;Ж;12.09.1973;829-075-104 68
Зизяева;Анастасия;Дмитриевна;Ж;04.12.2007;969-385-295 06
Мосихина;Светлана;Аркадьевна;Ж;29.05.2004;088-743-091 19
Сыпина;Лиза;Аркадьевна;Ж;17.07.2006;183-728-450 13
Горцакова;Наталья;Яковлевна;Ж;21.02.1969;122-612-063 53
Салихов;Вячеслав;Евгеньевич;М;12.07.1991;120-807-174 15
Леденев;Руслан;Павлович;М;06.05.2003;878-069-828 22
Бакасов;Михаил;Игоревич;М;16.12.1981;339-604-933 36
Радичев;Роман;Василиевич;М;10.09.2003;252-647-997 66
Фатьнев;Антон;Романович;М;14.03.1998;134-622-408 98
Калантаров;Руслан;Романович;М;04.01.2004;982-582-434 26
Невраев;Семён;Денисович;М;20.02.1975;507-376-501 80
Ананевский;Виталий;Валериевич;М;27.07.2006;070-678-244 42
Бишменев;Илья;Борисович;М;19.12.1974;124-418-003 31
Бицкая;Дарья;Федоровна;Ж;11.01.1978;270-047-987 24
Ханяева;Виолетта;Николаевна;Ж;02.02.1987;519-906-492 67
Шаврукова;Ирина;Вадимовна;Ж;29.06.1950;713-770-835 50
Хабачева;Галина;Николаевна;Ж;02.05.1967;715-152-483 20
Кемова;Кристина;Петровна;Ж;22.06.2001;719-129-170 94
Едельскова;Наталия;Сергеевна;Ж;18.07.2008;856-275-633 38
Пенчевская;Марина;Кирилловна;Ж;31.10.1995;436-183-355 32
Кожельцова;Маргарита;Аркадьевна;Ж;23.07.1967;638-015-176 20
Почтовина;Жанна;Дмитриевна;Ж;28.12.2006;506-926-242 00
Ковылова;Любовь;Романовна;Ж;30.01.1992;382-365-827 78
Гаранова;Валерия;Валерьевна;Ж;17.04.1954;577-807-036 23
Саблин;Дмитрий;Максимович;М;22.12.1969;208-654-265 45
Разинчев;Герасим;Аркадиевич;М;12.09.1994;450-442-771 14
Доронскин;Анатолий;Олегович;М;25.09.1972;788-986-408 03
Лещенков;Владимир;Павлович;М;13.08.1975;820-960-378 76
Абшин;Виктор;Фёдорович;М;22.02.1979;220-268-447 59
Ступицкий;Павел;Иванович;М;11.11.1980;590-792-451 21
Шильнов;Виктор;Яковлевич;М;25.11.1950;016-896-354 75
Мостарнов;Альберт;Андреевич;М;18.08.1976;662-987-917 31
Шемельков;Леонид;Николаевич;М;13.12.1982;384-198-319 80
Сказыткин;Дмитрий;Андреевич;М;04.05.1969;203-911-334 69
Орлецкая;Оксана;Борисовна;Ж;20.02.2005;012-852-739 82
Павшинцева;Ксения;Борисовна;Ж;18.04.1949;342-788-803 59
Саинова;Светлана;Игоревна;Ж;22.12.2006;265-946-398 42
Оглодина;Алена;Яковлевна;Ж;28.07.1988;966-249-389 39
Юряева;Маргарита;Аркадьевна;Ж;04.03.1976;539-397-183 76
Изерская;Катерина;Николаевна;Ж;05.12.1980;137-084-109 10
Болтникова;Клара;Кирилловна;Ж;13.01.1986;776-671-041 68
Чучакина;Виолетта;Михайловна;Ж;16.06.1996;856-113-915 12
Цокорова;Дарья;Алексеевна;Ж;08.05.1969;657-838-673 05
Шевернова;Клара;Максимовна;Ж;19.11.1968;186-748-520 13
Апетова;Алена;Федоровна;Ж;27.02.1953;305-963-110 38
Кленшина;Любовь;Сергеевна;Ж;22.09.1957;469-922-232 83
Прошунина;Ирина;Дмитриевна;Ж;22.07.1951;402-416-705 95
Хмопина;Любовь;Никитична;Ж;02.05.1948;874-741-664 56
Стюфляева;Виктория;Аркадьевна;Ж;10.11.1955;800-278-632 20
Гопина;Лариса;Яковлевна;Ж;02.07.1972;183-770-132 63
Семенская;Валентина;Василевна;Ж;10.12.1984;354-849-334 51
Лыскина;Алина;Максимовна;Ж;18.07.1952;328-533-092 05
Сипухина;Галина;Борисовна;Ж;31.10.1979;177-017-355 21
Палышина;Елизавета;Вадимовна;Ж;03.02.1961;671-933-331 74
Гладенцев;Василий;Вадимович;М;05.03.1971;759-876-060 26
Саксонцев;Юрий;Петрович;М;04.09.1955;955-434-341 77
Гунчинков;Геннадий;Леонидович;М;11.03.1973;398-441-835 51
Аткарский;Василий;Максимович;М;10.08.2002;189-043-590 22
Омешатов;Иван;Вадимович;М;19.09.1981;321-477-800 92
Камушкин;Григорий;Яковлевич;М;31.12.1965;176-429-792 00
Пыльчиков;Федор;Адамович;М;02.08.1985;255-969-539 42
Рушаков;Алексей;Андреевич;М;20.06.2005;010-877-203 83
Висленева;Елена;Ивановна;Ж;14.02.1967;739-114-790 30
Ошмарова;Жанна;Евгеньевна;Ж;22.11.1999;135-611-372 83
Эразмов;Валерий;Георгиевич;М;05.08.1973;331-492-701 73
Собянин;Никита;Яковлевич;М;20.02.2006;359-757-381 70
Фоничкин;Тарас;Яковлевич;М;15.12.1950;979-704-087 68
Андриамов;Николай;Василиевич;М;07.05.1954;232-728-757 04
Пруденский;Андрей;Николаевич;М;01.04.1954;536-920-999 53
Лештаева;Виктория;Василевна;Ж;07.03.1995;782-070-595 59
Полекова;Александра;Михайловна;Ж;11.05.2001;687-502-936 57
Братчикова;Алена;Максимовна;Ж;17.12.1980;393-650-548 61
Щепецкая;Анна;Борисовна;Ж;16.04.1965;755-356-100 27
Сальцова;Мария;Федоровна;Ж;02.11.1957;958-872-045 32
Трембачева;Клавдия;Викторовна;Ж;08.01.1987;619-636-892 06
Грудницина;Юлия;Максимовна;Ж;25.06.2007;498-346-121 66
Щельцова;Полина;Аркадьевна;Ж;18.04.2002;817-206-247 16
Катусова;Надежда;Леонидовна;Ж;22.09.1950;840-378-522 14
Дзлиева;Лиза;Яковлевна;Ж;16.12.1969;504-972-405 07
Учнявская;Кира;Валерьевна;Ж;27.02.2003;959-590-286 87
Трачкова;Лариса;Игоревна;Ж;29.03.1998;590-690-391 33
Сальтыкова;София;Эдуардовна;Ж;15.03.1987;771-136-892 71
Гутовская;Вероника;Борисовна;Ж;29.01.1955;121-831-111 02
Козякина;Галина;Эдуардовна;Ж;14.03.1994;624-310-197 17
Канайчев;Валентин;Валериевич;М;27.11.1966;768-361-424 100
Секатова;Зинаида;Викторовна;Ж;25.03.1993;413-528-665 75
Чечерова;Вероника;Сергеевна;Ж;21.12.1972;393-962-919 12
Гришкина;Кристина;Эдуардовна;Ж;04.09.1965;273-117-200 02
Думилина;Марина;Дмитриевна;Ж;05.07.2002;877-239-751 56
Зубарева;Карина;Федоровна;Ж;10.04.1974;921-669-970 94
Апаршина;Надежда;Федоровна;Ж;25.09.2005;383-177-419 67
Негазина;Зинаида;Борисовна;Ж;03.01.1966;700-751-986 03
Магушева;Маргарита;Валерьевна;Ж;24.06.1980;313-225-498 83
Маренкина;Анастасия;Кирилловна;Ж;20.05.1976;672-462-745 52
Моржухин;Григорий;Данилович;М;20.02.1978;352-028-253 87
Крупкин;Александр;Олегович;М;07.08.2004;047-106-288 60
Захваткин;Кирилл;Тимофеевич;М;26.08.1966;887-535-059 70
Кихматулин;Герасим;Михаилович;М;09.09.1977;583-156-478 99
Шарангин;Эдуард;Борисович;М;01.05.2000;964-829-396 28
Жестеров;Иван;Фёдорович;М;02.12.1964;256-299-982 37
Капошин;Никита;Тимофеевич;М;04.01.1949;097-439-512 15
Ползов;Федор;Виталиевич;М;15.10.1950;169-575-077 87
Смеляков;Григорий;Романович;М;06.06.1998;861-591-409 42
Анлеушева;Яна;Викторовна;Ж;01.08.1971;767-028-360 94
Меркунов;Степан;Михаилович;М;06.03.1945;721-444-795 92
Болдузев;Иван;Кириллович;М;01.10.1947;994-997-899 44
Саухин;Павел;Максимович;М;04.06.1954;936-074-890 63
Золатин;Никита;Борисович;М;08.01.1994;663-011-714 56
Кубаналиев;Семён;Юриевич;М;10.07.1977;211-465-447 49
Турканов;Артём;Николаевич;М;03.09.1994;010-477-787 30
Тутылев;Геннадий;Виталиевич;М;25.01.2005;287-163-795 06
Деменин;Павел;Петрович;М;24.07.1968;168-178-051 100
Куренов;Герасим;Петрович;М;03.06.1968;225-449-709 88
Пионицын;Альберт;Михаилович;М;05.07.1981;519-761-324 01
Клевиткин;Игорь;Кириллович;М;28.07.1954;266-974-566 15
Гарусин;Анатолий;Петрович;М;11.01.2004;545-835-075 44
Чечурин;Евгений;Тимофеевич;М;22.01.1994;624-031-587 47
Жевнеров;Иван;Фёдорович;М;31.08.1943;976-693-841 67
Гоборов;Максим;Яковлевич;М;15.06.2005;402-355-133 61
Финашин;Тарас;Яковлевич;М;11.01.1977;952-443-616 18
Брыканова;Маргарита;Викторовна;Ж;06.09.1956;251-970-920 01
Булаева;София;Алексеевна;Ж;11.09.1960;971-335-623 100
Буйнина;Карина;Петровна;Ж;18.05.1995;914-415-589 05
Гершова;Любовь;Кирилловна;Ж;31.05.1995;178-904-033 74
Коробцов;Павел;Данилович;М;06.12.1956;843-897-234 58
Перламонов;Константин;Антонович;М;07.04.1980;255-775-847 25
Чикалов;Семён;Михаилович;М;07.07.1946;734-363-568 88
Дронцев;Анатолий;Михаилович;М;12.02.1968;434-431-036 62
Мокроусов;Александр;Леонидович;М;29.08.1970;615-716-339 60
Никанычев;Артём;Николаевич;М;23.03.2004;053-886-459 31
Крепенин;Василий;Андреевич;М;03.08.1945;281-210-338 81
Заярская;Мария;Яковлевна;Ж;21.06.1958;076-403-253 73
Заиграева;Оксана;Андреевна;Ж;27.09.1949;831-512-907 18
Вартикова;Екатерина;Евгеньевна;Ж;24.11.1966;407-173-678 02
Акругин;Геннадий;Андреевич;М;22.07.1989;755-158-030 52
Милаев;Кирилл;Иванович;М;11.10.2003;201-767-868 42
Пастушина;Тамара;Максимовна;Ж;10.12.1991;158-519-697 47
Борщецкая;Наталия;Никитична;Ж;15.07.1982;152-931-333 76
Табуева;Елизавета;Валерьевна;Ж;17.12.1944;402-640-114 26
Мижутина;Юлия;Леонидовна;Ж;01.04.1984;075-314-444 97
Тюкавина;Виолетта;Аркадьевна;Ж;05.08.1970;259-231-054 67
Марастьева;Алена;Валерьевна;Ж;11.10.1974;064-305-852 16
Иржева;Людмила;Дмитриевна;Ж;27.03.1947;865-345-232 78
Чурнова;Елизавета;Валерьевна;Ж;31.05.1961;243-640-914 06
Панжинский;Виталий;Виталиевич;М;22.03.1943;538-492-623 28
Навродский;Семён;Сергеевич;М;31.08.2007;089-811-781 48
Тарнаев;Руслан;Павлович;М;19.07.1969;137-833-374 46
Ястребцов;Максим;Максимович;М;19.11.1974;821-821-785 70
Кацков;Леонид;Петрович;М;12.12.1960;509-570-206 82
Горанин;Владимир;Алексеевич;М;17.10.1987;294-374-676 04
Супилина;Катерина;Егоровна;Ж;09.12.2008;344-248-054 05
Выстрова;Раиса;Василевна;Ж;25.09.1953;631-821-208 79
Натяжкина;Алена;Михайловна;Ж;04.01.2004;199-803-551 11
Комликова;Алена;Андреевна;Ж;09.08.1952;634-628-781 74
Пехенькин;Роман;Виталиевич;М;22.05.2003;522-995-462 65
Балтачев;Алексей;Михаилович;М;26.05.1972;539-069-223 06
Камочкин;Герасим;Алексиевич;М;02.02.1974;066-723-864 72
Байдюков;Михаил;Максимович;М;06.08.1993;381-060-304 28
Тованенков;Геннадий;Андреевич;М;09.02.1985;389-508-441 12
Коренихин;Вадим;Тимофеевич;М;07.07.1957;614-906-252 96
Потуткина;Ирина;Максимовна;Ж;25.04.2004;679-824-218 41
Скубарева;Екатерина;Петровна;Ж;25.01.1960;570-991-816 71
Морсиянова;Валентина;Максимовна;Ж;09.07.1971;768-033-136 86
Шамырина;Любовь;Борисовна;Ж;06.06.1962;797-273-611 93
Цодоков;Виталий;Андреевич;М;22.02.1990;918-778-825 12
Пешехов;Артур;Викторович;М;09.05.1945;061-119-314 69
Белалова;Алина;Егоровна;Ж;12.10.1973;450-977-286 11
Бешецкая;Надежда;Богдановна;Ж;12.12.1973;656-427-228 39
Нарзяева;Жанна;Евгеньевна;Ж;30.05.1993;464-254-140 44
Шарыбина;Катерина;Петровна;Ж;14.05.1998;159-992-315 41
Рядченкова;Кристина;Вадимовна;Ж;13.03.1951;839-221-316 72
Сезнева;Катерина;Вадимовна;Ж;21.05.1994;611-734-121 31
Седунцова;Раиса;Богдановна;Ж;27.06.1950;323-771-493 57
Узелкова;Оксана;Сергеевна;Ж;06.01.1962;422-612-344 74
Телепков;Валерий;Тимофеевич;М;07.05.1981;963-282-296 74
Солвкова;Галина;Викторовна;Ж;25.01.2003;111-030-879 63
Шафонская;Ирина;Борисовна;Ж;12.08.1993;466-082-101 15
Синькова;Наталья;Игоревна;Ж;27.02.1967;050-190-294 19
Музланова;Ева;Федоровна;Ж;14.07.1984;941-537-981 82
Ахарова;Любовь;Андреевна;Ж;28.09.1976;294-181-674 58
Каулова;Анна;Дмитриевна;Ж;06.01.1993;941-715-200 13
Мовнина;Ирина;Никитична;Ж;24.08.2006;339-163-088 64
Ченыкаева;Раиса;Ивановна;Ж;14.04.2007;790-417-526 29
Зюльмаева;Дарья;Борисовна;Ж;01.02.1961;401-566-284 50
Алдаев;Артур;Яковлевич;М;06.03.1983;375-070-248 18
Бобарыкин;Кирилл;Юрьевич;М;19.05.1944;395-927-402 99
Языковский;Андрей;Валериевич;М;04.02.1984;899-862-087 98
Сафранов;Георгий;Тимофеевич;М;16.02.1992;960-141-798 96
Залялова;Мария;Николаевна;Ж;18.03.1995;465-414-610 48
Кассихина;Людмила;Эдуардовна;Ж;24.06.1951;031-579-004 82
Долгошева;Полина;Кирилловна;Ж;05.02.1980;663-676-139 77
Шешлева;Софья;Федоровна;Ж;05.05.1968;803-993-440 11
Хрипкова;Елена;Викторовна;Ж;30.01.1947;360-147-535 21
Шаришорина;Лиза;Олеговна;Ж;10.11.1949;277-900-624 99
Пытева;Алиса;Эдуардовна;Ж;18.02.1992;373-369-020 59
Поспекова;София;Максимовна;Ж;10.08.1972;574-474-893 13
Мацкина;Зинаида;Валерьевна;Ж;02.01.1980;745-880-749 17
Тельпухова;София;Федоровна;Ж;07.04.1980;900-557-208 17
Садбенова;Тамара;Викторовна;Ж;29.04.1979;827-580-072 97
Агизина;Анна;Дмитриевна;Ж;17.12.1979;368-863-072 26
Хайменова;Жанна;Яковлевна;Ж;28.09.1979;936-464-979 64
Фатигарова;Светлана;Михайловна;Ж;28.09.1943;674-094-198 99
Анучкина;Лариса;Олеговна;Ж;11.07.1983;182-882-733 49
Абдуханова;Наталья;Егоровна;Ж;22.09.1976;083-949-858 64
Зубрицкий;Михаил;Иванович;М;22.01.1986;591-043-694 57
Шировских;Герасим;Адамович;М;09.08.2000;705-450-757 60
Солоков;Андрей;Аркадиевич;М;15.10.1984;857-866-589 78
Сересев;Олег;Денисович;М;03.04.1979;845-003-719 22
Гостынский;Борис;Викторович;М;30.07.1952;700-401-311 82
Бурлакин;Дмитрий;Максимович;М;25.10.1996;182-126-400 17
Чухонцева;Яна;Ивановна;Ж;03.08.1998;289-651-560 15
Табашкова;Надежда;Максимовна;Ж;27.09.1970;067-952-363 40
Чупыгина;Клара;Валерьевна;Ж;11.05.1983;793-013-889 09
Наринская;Елизавета;Алексеевна;Ж;10.07.1966;979-449-723 71
Жемчужкин;Артём;Петрович;М;12.11.1968;743-603-794 70
Кипрушев;Артём;Иванович;М;12.04.1995;203-063-486 48
Могалев;Семён;Петрович;М;03.01.1996;679-519-902 42
Георгиев;Алексей;Романович;М;15.11.1964;254-659-838 34
Ягодин;Ярослав;Данилович;М;31.01.1951;169-092-371 14
Коршинов;Василий;Валериевич;М;29.03.1971;002-569-678 39
Добряев;Денис;Виталиевич;М;30.05.1959;656-668-171 44
Хвальков;Анатолий;Максимович;М;04.09.1983;018-836-246 48
Осадина;Екатерина;Василевна;Ж;30.08.1961;189-997-937 77
Юшина;Катерина;Богдановна;Ж;08.09.1946;844-240-935 26
Перепечкин;Алексей;Викторович;М;17.07.2004;117-267-150 77
Бросалов;Анатолий;Сергеевич;М;19.05.1957;032-301-537 85
Сарапулин;Валентин;Фёдорович;М;10.02.1943;651-298-746 05
Ольмезов;Иван;Петрович;М;27.11.1948;724-726-825 57
Дуднин;Виталий;Тимофеевич;М;19.11.2000;487-261-218 08
Торбов;Дмитрий;Максимович;М;13.11.1963;883-408-573 55
Мушкетов;Евгений;Георгиевич;М;21.12.1989;532-517-902 99
Шоленикова;София;Андреевна;Ж;01.05.2003;176-347-295 82
Родова;Оксана;Дмитриевна;Ж;16.10.1957;147-997-689 07
Чухпова;Анна;Егоровна;Ж;13.03.2000;311-820-595 48
Вятченин;Виталий;Аркадиевич;М;15.10.2002;098-257-983 22
Ламонов;Денис;Николаевич;М;15.08.1963;997-095-016 11
Полбин;Тарас;Олегович;М;10.03.1961;224-990-261 04
Чиконин;Константин;Максимович;М;25.09.1981;892-997-697 98
Галемин;Артём;Евгеньевич;М;13.02.2008;592-117-114 51
Швитков;Герасим;Антонович;М;07.09.1961;948-538-944 02
Хороводнов;Никита;Фёдорович;М;19.03.1956;139-448-978 70
Маментьев;Валерий;Фёдорович;М;04.11.1991;497-589-330 34
Агарунов;Геннадий;Леонидович;М;01.10.1981;493-361-405 79
Велигурова;Валентина;Эдуардовна;Ж;04.06.1999;387-813-986 31
Нагавкин;Никита;Павлович;М;15.08.1963;899-363-612 09
Залялов;Евгений;Фёдорович;М;13.08.1947;763-651-544 22
Скарлупина;Екатерина;Ивановна;Ж;29.06.1991;280-287-036 19
Сивреева;Виолетта;Николаевна;Ж;02.06.1973;843-311-494 21
Бликова;Наталья;Аркадьевна;Ж;25.05.1982;646-637-690 71
Зуткова;Вероника;Игоревна;Ж;05.04.1959;207-437-545 48
Голетина;Тамара;Олеговна;Ж;18.12.1967;284-527-280 12
Прожогина;Яна;Михайловна;Ж;22.06.1973;721-298-591 78
Беласова;Анастасия;Игоревна;Ж;29.03.1975;384-378-804 58
Гундилова;Галина;Эдуардовна;Ж;19.06.1959;728-032-686 65
Ровкин;Валентин;Николаевич;М;31.10.1978;804-314-152 49
Абдалин;Дмитрий;Антонович;М;03.01.1968;843-258-875 15
Таравков;Юрий;Яковлевич;М;03.03.2004;151-605-476 49
Шахмаев;Анатолий;Сергеевич;М;04.07.2005;873-377-357 89
Кевдин;Анатолий;Алексиевич;М;06.07.1952;767-691-703 25
Пилякин;Альберт;Антонович;М;26.12.1969;629-931-070 76
Грузилин;Владимир;Борисович;М;11.01.1999;973-764-194 72
Карпачев;Тарас;Юрьевич;М;21.05.1964;071-351-706 97
Лагутичев;Станислав;Евгеньевич;М;12.03.1964;404-002-322 99
Тещерский;Пётр;Сергеевич;М;05.03.1981;046-761-581 38
Краевянов;Олег;Яковлевич;М;27.06.1974;975-116-733 15
Тарчуткин;Пётр;Данилович;М;14.08.1948;571-246-139 34
Кутенков;Александр;Павлович;М;21.07.2008;592-414-528 34
Дрошнев;Иван;Кириллович;М;25.03.1953;979-450-108 96
Шаев;Илья;Аркадиевич;М;09.03.1991;121-784-298 12
Солонинкин;Борис;Валериевич;М;03.02.1990;762-136-139 26
Ромкин;Аркадий;Андреевич;М;29.04.1954;391-752-755 69
Сарнецкий;Федор;Георгиевич;М;11.09.1974;882-300-044 28
Шепаксова;Евгения;Аркадьевна;Ж;23.06.1965;572-435-804 12
Шитяшина;Тамара;Дмитриевна;Ж;15.05.1985;631-476-683 84
Тилпиин;Георгий;Кириллович;М;13.01.2004;087-154-950 29
Шадурин;Станислав;Аркадиевич;М;30.11.1973;409-943-386 92
Торцов;Валентин;Юрьевич;М;28.03.1986;285-153-802 82
Замолочин;Геннадий;Аркадиевич;М;13.01.1989;398-108-960 45
Мишаев;Дмитрий;Викторович;М;29.12.1997;808-451-812 92
Халидудин;Яков;Виталиевич;М;01.11.1961;283-519-798 59
Гисмятова;Алёна;Вадимовна;Ж;14.11.1965;786-304-908 51
Кюрджиева;Валерия;Василевна;Ж;10.06.1946;300-447-994 08
Кощавцева;Мария;Яковлевна;Ж;28.08.1993;881-846-785 28
Лыкосова;Полина;Сергеевна;Ж;14.07.1969;522-954-370 13
Радостин;Михаил;Виталиевич;М;29.01.1953;240-384-349 65
Фаорин;Константин;Фёдорович;М;16.07.1960;536-944-615 43
Гиркин;Игорь;Алексиевич;М;15.11.1985;246-902-928 74
Кладинов;Юрий;Виталиевич;М;21.06.1992;369-645-655 88
Сурачева;Александра;Богдановна;Ж;18.01.1987;573-971-987 57
Клейносова;Алла;Сергеевна;Ж;13.09.1997;456-675-498 50
Кутьянова;Кристина;Яковлевна;Ж;04.08.1956;651-804-524 95
Айнулина;Валентина;Максимовна;Ж;23.03.1983;004-998-062 47
Аншпугова;Юлия;Вадимовна;Ж;02.12.1961;307-721-008 65
Байгарова;Анастасия;Олеговна;Ж;17.12.1967;167-824-392 51
Тихтуров;Анатолий;Петрович;М;23.02.1998;278-233-549 71
Тиховский;Владимир;Максимович;М;12.01.1997;811-138-351 79
Большукова;Наталья;Андреевна;Ж;25.03.2006;528-494-307 37
Вориводина;Надежда;Борисовна;Ж;12.04.1948;926-465-610 85
Скрылева;Галина;Игоревна;Ж;21.04.1953;705-102-032 93
Турявская;Лариса;Игоревна;Ж;15.09.2007;271-450-962 30
Седева;Раиса;Богдановна;Ж;02.02.1943;426-856-837 14
Акользина;Наталия;Федоровна;Ж;16.06.2004;880-350-426 90
Толпышева;Тамара;Василевна;Ж;20.11.1964;549-749-902 63
Кустинская;Мария;Эдуардовна;Ж;24.08.1968;332-143-328 99
Чускаев;Максим;Виталиевич;М;03.04.1959;220-879-412 17
Тасташева;Елизавета;Кирилловна;Ж;20.02.1946;581-262-035 68
Битюцкая;Оксана;Викторовна;Ж;26.10.1993;745-430-942 09
Челюскина;Светлана;Евгеньевна;Ж;08.04.1967;989-496-703 62
Членхова;Ольга;Аркадьевна;Ж;26.09.1944;741-196-342 06
Орудхоева;Вероника;Яковлевна;Ж;30.09.2000;757-227-712 02
Львова;Раиса;Вадимовна;Ж;02.02.1983;192-548-463 57
Криушина;Мария;Василевна;Ж;07.11.2000;224-448-575 86
Крохина;Елена;Борисовна;Ж;05.06.1990;535-997-228 98
Толпыгина;Любовь;Максимовна;Ж;15.12.1997;801-603-379 56
Дягилев;Семён;Денисович;М;08.08.1985;079-512-622 81
Басханов;Вячеслав;Алексеевич;М;23.08.1962;968-022-903 84
Матейкин;Аркадий;Тимофеевич;М;22.02.2003;158-151-767 75
Кутилов;Алексей;Николаевич;М;07.09.1993;057-358-345 52
Селев;Андрей;Данилович;М;09.04.1974;894-408-706 41
Минеин;Максим;Антонович;М;06.05.1962;392-090-889 29
Мармажов;Иван;Валериевич;М;21.07.2000;039-351-244 86
Шепилева;София;Сергеевна;Ж;18.11.1991;741-295-927 93
Рафекова;Наталия;Яковлевна;Ж;22.08.1982;083-076-743 43
Саникова;Людмила;Сергеевна;Ж;13.10.1962;954-907-880 75
Чурисова;Наталия;Федоровна;Ж;24.12.2000;965-121-192 80
Мармажова;Раиса;Леонидовна;Ж;05.10.1956;602-503-735 04
Курчигина;Маргарита;Леонидовна;Ж;09.11.1995;133-721-189 56
Долугаева;Валентина;Никитична;Ж;03.05.2005;587-309-952 71
Щелочева;Лариса;Алексеевна;Ж;29.07.2000;813-478-271 34
Корнева;Елизавета;Яковлевна;Ж;22.05.1986;379-763-304 05
Елизова;Кристина;Михайловна;Ж;24.09.1952;026-386-980 86
Бердасова;Дарья;Дмитриевна;Ж;11.01.1973;829-913-349 75
Попелюхина;Ева;Николаевна;Ж;03.01.2000;997-262-956 02
Томышева;Анна;Леонидовна;Ж;23.02.2006;147-097-724 58
Оболонков;Виктор;Михаилович;М;02.10.2000;476-027-472 23
Один;Георгий;Иванович;М;14.02.1991;855-432-666 63
Битрих;Семён;Данилович;М;14.07.2001;744-155-472 23
Гогиев;Олег;Алексиевич;М;06.03.1999;027-628-105 86
Морастьев;Альберт;Игоревич;М;29.06.1960;788-002-808 19
Чучелкин;Константин;Алексеевич;М;15.10.1977;958-306-025 74
Умакеев;Антон;Максимович;М;08.11.1994;646-892-491 75
Антаков;Виталий;Евгеньевич;М;03.07.1997;192-982-141 91
Тельцов;Виталий;Яковлевич;М;03.02.2000;723-677-561 55
Сефарова;Катерина;Евгеньевна;Ж;02.12.1975;997-337-486 09
Лабузов;Андрей;Яковлевич;М;21.03.1993;021-754-085 33
Шарутин;Никита;Виталиевич;М;16.11.1970;608-914-785 04
Цеханский;Федор;Антонович;М;13.01.1943;019-771-607 42
Черницов;Никита;Павлович;М;29.11.1968;052-643-292 19
Гузков;Вадим;Юриевич;М;17.04.1993;253-243-626 14
Анилов;Дмитрий;Василиевич;М;30.01.1964;825-509-748 03
Птягин;Семён;Валериевич;М;20.01.1953;109-509-085 49
Флейтлих;Павел;Антонович;М;28.06.2007;007-198-129 62
Парицкий;Вячеслав;Борисович;М;31.01.1990;844-866-247 79
Хирубимова;Алёна;Евгеньевна;Ж;25.10.1988;630-099-378 11
Бакмуллин;Леонид;Тимофеевич;М;07.07.1966;760-107-940 93
Ширинских;Тарас;Евгеньевич;М;28.11.1950;028-688-156 85
Бегулов;Андрей;Олегович;М;17.12.1979;480-629-609 76
Индисов;Вадим;Яковлевич;М;15.09.2000;910-141-929 45
Бозов;Геннадий;Валериевич;М;13.01.1970;489-753-451 28
Боляков;Леонид;Алексеевич;М;26.03.1984;561-025-066 92
Фадеенков;Тарас;Алексеевич;М;15.09.1999;486-422-566 53
Главацкий;Георгий;Василиевич;М;15.01.2002;751-694-902 33
Лобзеков;Эдуард;Максимович;М;10.06.1983;519-755-629 04
Аслахова;Марина;Максимовна;Ж;21.04.1979;557-132-835 28
Булочкин;Леонид;Антонович;М;08.09.1995;625-362-606 08
Рогимбеков;Аркадий;Юриевич;М;09.10.2003;512-035-757 54
Кокянов;Владислав;Сергеевич;М;02.03.1975;891-488-165 75
Логовский;Василий;Максимович;М;19.10.1948;538-797-339 26
Мажаев;Артур;Виталиевич;М;16.06.1947;502-436-354 10
Цулиничева;Лиза;Максимовна;Ж;25.04.1965;854-907-586 12
Тирова;Алена;Евгеньевна;Ж;13.06.1971;899-403-850 14
Шевырина;Вера;Эдуардовна;Ж;23.10.2000;853-039-460 02
Алыпина;Зинаида;Яковлевна;Ж;06.03.1955;297-278-256 81
Мукашова;Анна;Сергеевна;Ж;03.08.2008;393-909-549 19
Антоньев;Артём;Евгеньевич;М;10.07.1994;421-754-785 100
Калмурзаев;Альберт;Фёдорович;М;21.08.1972;389-854-082 44
Фрейдкина;Анна;Егоровна;Ж;20.01.1998;670-496-251 13
Марынкина;София;Аркадьевна;Ж;03.10.1955;583-058-863 79
Сатискова;Вера;Сергеевна;Ж;16.08.1943;158-560-971 56
Шатеева;Наталья;Яковлевна;Ж;02.06.1959;570-264-993 95
Грасенкова;Светлана;Николаевна;Ж;18.05.1980;467-512-929 80
Борчина;Лариса;Романовна;Ж;13.03.1954;774-452-902 99
Рундусова;Вера;Богдановна;Ж;18.09.2001;783-827-968 59
Арянова;Софья;Федоровна;Ж;01.08.1959;645-561-662 31
Солдаев;Альберт;Викторович;М;22.09.1985;427-951-318 34
Фолиев;Ярослав;Борисович;М;22.06.1997;384-519-598 45
Тевелин;Григорий;Василиевич;М;22.08.1987;829-841-578 10
Антапин;Георгий;Юрьевич;М;18.05.1992;536-950-480 18
Заборвских;Кирилл;Олегович;М;13.08.1957;034-460-144 66
Акмаев;Андрей;Фёдорович;М;10.09.1944;281-631-233 56
Катаманин;Анатолий;Леонидович;М;15.03.1945;325-463-015 63
Абрамунин;Максим;Сергеевич;М;09.03.1996;039-238-801 99
Полохов;Станислав;Яковлевич;М;26.06.1988;098-550-202 36
Неенов;Юрий;Валериевич;М;27.07.1974;603-751-594 64
Бельнов;Григорий;Фёдорович;М;09.05.1945;386-931-578 07
Фромешкина;Алла;Максимовна;Ж;16.05.1983;747-995-593 35
Шупегина;Светлана;Егоровна;Ж;23.09.1958;706-964-398 36
Обелова;Алиса;Максимовна;Ж;29.04.1986;662-651-550 85
Чевелева;Марина;Дмитриевна;Ж;11.08.1944;509-819-250 07
Гоева;Алла;Максимовна;Ж;28.12.1959;524-957-749 44
Клинанчева;Валерия;Василевна;Ж;28.07.1981;296-477-005 02
Кежутина;Валентина;Никитична;Ж;29.01.1994;415-685-923 66
Лепнева;Кира;Михайловна;Ж;29.03.1958;029-566-990 02
Утенышева;Алла;Романовна;Ж;08.04.2000;268-719-580 65
Челыхов;Николай;Данилович;М;29.09.1998;661-457-111 49
Треплин;Валерий;Олегович;М;13.03.1965;849-303-223 49
Чепцов;Юрий;Максимович;М;15.05.1972;332-392-650 00
Талипов;Михаил;Антонович;М;14.05.1996;585-266-873 97
Клепалин;Альберт;Юриевич;М;08.02.1988;232-932-453 08
Петерев;Дмитрий;Игоревич;М;06.11.2005;920-536-391 24
Нигрицкий;Андрей;Кириллович;М;24.09.1945;349-856-683 14
Сопотов;Вячеслав;Михаилович;М;17.02.1969;289-885-318 91
Кривобоков;Алексей;Яковлевич;М;19.11.1985;360-873-708 67
Хоцкая;Ксения;Романовна;Ж;11.06.1969;219-445-213 70
Пишванов;Денис;Олегович;М;12.09.1973;597-052-475 47
Эберлин;Тарас;Игоревич;М;15.03.1946;007-766-734 69
Бурьянов;Владислав;Юриевич;М;02.11.1956;399-639-967 74
Ракмевский;Анатолий;Василиевич;М;05.07.1997;491-014-002 81
Рябичев;Ярослав;Аркадиевич;М;26.05.1971;983-650-831 05
Шатханов;Геннадий;Алексеевич;М;11.01.1968;524-452-158 30
Кочмарев;Виталий;Аркадиевич;М;06.08.1946;810-208-961 26
Жиманская;Виолетта;Федоровна;Ж;12.10.1970;485-121-292 88
Кульсакова;Лиза;Богдановна;Ж;18.04.1999;459-561-899 67
Голофаева;Яна;Василевна;Ж;01.03.1968;728-860-015 75
Коржуев;Алексей;Аркадиевич;М;29.01.1985;541-368-884 16
Биргин;Михаил;Борисович;М;21.08.1944;393-312-884 59
Обшаткин;Валерий;Павлович;М;03.07.2001;906-484-796 39
Шемеев;Степан;Максимович;М;25.11.1991;328-698-306 62
Козицкий;Олег;Виталиевич;М;25.05.1994;380-293-941 34
Удеревский;Артур;Георгиевич;М;03.07.1952;852-354-475 56
Тюгашев;Аркадий;Вадимович;М;01.12.1947;891-723-295 58
Кисиков;Федор;Тимофеевич;М;03.10.1998;480-051-004 00
Нижевясова;Вера;Романовна;Ж;22.12.1975;834-357-878 47
Донковцева;София;Алексеевна;Ж;14.09.1964;082-457-263 30
Коклюшкин;Пётр;Аркадиевич;М;17.06.1960;676-050-255 90
Ортынский;Кирилл;Леонидович;М;28.09.1945;886-054-872 62
Заховаев;Василий;Игоревич;М;10.05.1961;021-447-153 91
Округин;Василий;Борисович;М;14.12.1963;248-027-913 17
Чубикова;Любовь;Федоровна;Ж;26.04.1987;185-392-080 94
Норпина;Александра;Евгеньевна;Ж;28.05.2007;326-691-055 19
Шопинская;Катерина;Николаевна;Ж;19.09.1989;937-859-846 44
Шершинова;Александра;Кирилловна;Ж;14.08.1944;369-034-594 65
Серикбаева;Лиза;Ивановна;Ж;22.04.1994;717-458-771 78
Кугумова;Елена;Леонидовна;Ж;28.10.1995;078-069-418 69
Булгатов;Виктор;Юрьевич;М;24.09.1982;929-791-349 100
Салиев;Вячеслав;Иванович;М;25.07.1967;435-533-243 79
Слеадецкий;Денис;Тимофеевич;М;14.04.2006;919-780-290 27
Шниковская;Виолетта;Никитична;Ж;19.10.1955;398-128-294 68
Мышкова;Катерина;Андреевна;Ж;15.04.1993;248-633-533 09
Лабусова;Александра;Егоровна;Ж;27.02.2007;958-168-505 38
Готальская;Надежда;Василевна;Ж;23.05.1985;922-907-810 94
Цыгоева;Елена;Алексеевна;Ж;17.09.1951;822-509-998 62
Спигина;Елена;Дмитриевна;Ж;19.12.1976;040-375-779 29
Езжева;Александра;Федоровна;Ж;30.09.1980;082-771-296 78
Ахатов;Вячеслав;Павлович;М;19.05.1979;429-463-739 01
Зведенцова;Наталья;Никитична;Ж;26.01.1981;931-134-099 56
Сивкова;Алиса;Романовна;Ж;14.06.1967;331-519-799 55
Гедикова;Евгения;Яковлевна;Ж;12.10.1962;015-651-776 81
Кляусова;Ольга;Валерьевна;Ж;10.08.1964;503-200-171 13
Чейкина;Елена;Максимовна;Ж;30.05.2006;203-706-862 40
Бичугова;София;Василевна;Ж;14.04.1997;626-063-417 06
Духовлина;Оксана;Аркадьевна;Ж;05.03.1967;100-154-419 07
Степушкина;Елизавета;Никитична;Ж;18.12.1961;701-679-502 10
Буенкова;Екатерина;Николаевна;Ж;05.08.1949;814-605-934 40
